{
    "providers": {
        "awscloudformation": {
            "AuthRoleName": "amplify-mydemo-dev-105143-authRole",
            "UnauthRoleArn": "arn:aws:iam::781991832208:role/amplify-mydemo-dev-105143-unauthRole",
            "AuthRoleArn": "arn:aws:iam::781991832208:role/amplify-mydemo-dev-105143-authRole",
            "Region": "ap-southeast-2",
            "DeploymentBucketName": "amplify-mydemo-dev-105143-deployment",
            "UnauthRoleName": "amplify-mydemo-dev-105143-unauthRole",
            "StackName": "amplify-mydemo-dev-105143",
            "StackId": "arn:aws:cloudformation:ap-southeast-2:781991832208:stack/amplify-mydemo-dev-105143/089988e0-b2a1-11ea-b774-020915aaddf4",
            "AmplifyAppId": "d34lrvz357qavv"
        }
    }
}